GEONAME,LNTITLE,GEOID,LNNUMBER,TOT_EST,TOT_MOE,ADU_EST,ADU_MOE,CIT_EST,CIT_MOE,CVAP_EST,CVAP_MOE
Alabama,Total,04000US01,1,4817680,,3699760,404,4706715,2898,3600135,2484
Alabama,Not Hispanic or Latino,04000US01,2,4625840,492,3579465,594,4583180,1750,3541675,1594
Alabama,American Indian or Alaska Native Alone,04000US01,3,23225,1047,18345,766,23175,1052,18300,773
Alabama,Asian Alone,04000US01,4,58830,874,44870,646,35940,1194,24945,875
Alabama,Black or African American Alone,04000US01,5,1265350,2126,930770,1224,1259335,2221,925430,1359
Alabama,Native Hawaiian or Other Pacific Islander Alone,04000US01,6,1285,256,1070,222,1200,250,1000,215
Alabama,White Alone,04000US01,7,3210275,27,2548960,16,3197580,966,2537295,836
Alabama,American Indian or Alaska Native and White,04000US01,8,25045,1030,19265,777,25045,1030,19265,777
Alabama,Asian and White,04000US01,9,8895,875,4735,550,8270,857,4250,521
Alabama,Black or African American and White,04000US01,10,22925,1485,5075,594,22865,1486,5020,594
Alabama,American Indian or Alaska Native and Black or African American,04000US01,11,3920,748,2690,500,3860,711,2630,461
Alabama,Remainder of Two or More Race Responses,04000US01,12,6095,769,3680,443,5910,765,3540,448
Alabama,Hispanic or Latino,04000US01,13,191840,492,120295,530,123535,2350,58460,1976
Alaska,Total,04000US02,1,728300,,540210,123,704530,1576,519015,1254
Alaska,Not Hispanic or Latino,04000US02,2,683055,118,511140,162,663155,1339,493650,1066
Alaska,American Indian or Alaska Native Alone,04000US02,3,99905,1313,68420,888,99860,1316,68375,890
Alaska,Asian Alone,04000US02,4,40620,856,30660,547,28935,994,20440,712
Alaska,Black or African American Alone,04000US02,5,23860,605,17910,393,22490,642,16700,481
Alaska,Native Hawaiian or Other Pacific Islander Alone,04000US02,6,8000,303,4995,171,7185,358,4240,244
Alaska,White Alone,04000US02,7,459065,11,362530,24,453460,735,357480,620
Alaska,American Indian or Alaska Native and White,04000US02,8,29270,1222,16895,809,29195,1233,16870,809
Alaska,Asian and White,04000US02,9,7340,786,3430,463,7215,772,3385,462
Alaska,Black or African American and White,04000US02,10,5005,620,1835,359,5005,620,1835,359
Alaska,American Indian or Alaska Native and Black or African American,04000US02,11,2080,569,1015,278,2080,569,1015,278
Alaska,Remainder of Two or More Race Responses,04000US02,12,7910,748,3450,383,7735,765,3300,388
Alaska,Hispanic or Latino,04000US02,13,45245,118,29070,117,41375,578,25370,534
Arizona,Total,04000US04,1,6561515,,4941025,335,6017350,6642,4444235,5798
Arizona,Not Hispanic or Latino,04000US04,2,4584490,,3665135,336,4437695,4131,3532555,3424
Arizona,American Indian or Alaska Native Alone,04000US04,3,263410,1655,182065,1035,262910,1686,181640,1051
Arizona,Asian Alone,04000US04,4,188425,1967,148155,1197,131830,2390,97755,1758
Arizona,Black or African American Alone,04000US04,5,258885,2435,188540,1298,244440,2534,177325,1718
Arizona,Native Hawaiian or Other Pacific Islander Alone,04000US04,6,11780,587,8285,318,10560,635,7145,404
Arizona,White Alone,04000US04,7,3742100,30,3075060,30,3671370,2912,3008445,2634
Arizona,American Indian or Alaska Native and White,04000US04,8,29255,1563,20500,1049,29020,1513,20375,1037
Arizona,Asian and White,04000US04,9,33620,1770,16650,1054,31620,1570,14940,925
Arizona,Black or African American and White,04000US04,10,32750,2020,11780,975,32320,2012,11400,945
Arizona,American Indian or Alaska Native and Black or African American,04000US04,11,5045,835,3210,532,5045,835,3210,532
Arizona,Remainder of Two or More Race Responses,04000US04,12,19215,1499,10885,880,18585,1451,10325,852
Arizona,Hispanic or Latino,04000US04,13,1977025,,1275890,,1579655,6318,911680,5499
Arkansas,Total,04000US05,1,2947035,,2237480,433,2851650,2637,2152345,2202
Arkansas,Not Hispanic or Latino,04000US05,2,2748925,121,2118365,408,2719465,1497,2092335,1186
Arkansas,American Indian or Alaska Native Alone,04000US05,3,16720,940,12860,663,16675,933,12815,655
Arkansas,Asian Alone,04000US05,4,38400,825,29000,537,24185,918,16410,651
Arkansas,Black or African American Alone,04000US05,5,456165,1454,323730,904,454570,1457,322205,926
Arkansas,Native Hawaiian or Other Pacific Islander Alone,04000US05,6,6195,457,3525,321,2675,399,875,266
Arkansas,White Alone,04000US05,7,2180600,261,1720885,189,2171185,1030,1712270,908
Arkansas,American Indian or Alaska Native and White,04000US05,8,24705,993,18640,703,24690,996,18625,704
Arkansas,Asian and White,04000US05,9,6040,689,2860,402,5620,636,2455,345
Arkansas,Black or African American and White,04000US05,10,14655,1059,3570,488,14620,1060,3535,489
Arkansas,American Indian or Alaska Native and Black or African American,04000US05,11,1295,459,975,302,1295,459,975,302
Arkansas,Remainder of Two or More Race Responses,04000US05,12,4150,732,2325,400,3950,665,2175,353
Arkansas,Hispanic or Latino,04000US05,13,198110,121,119110,180,132185,2347,60010,1951
California,Total,04000US06,1,38066920,,28854630,396,32688185,28837,23881290,27099
California,Not Hispanic or Latino,04000US06,2,23532470,,19074305,279,21756445,11985,17457065,11032
California,American Indian or Alaska Native Alone,04000US06,3,147970,2648,115875,2085,146850,2660,114770,2106
California,Asian Alone,04000US06,4,5104565,7967,4113850,4866,3944285,9007,3057690,8097
California,Black or African American Alone,04000US06,5,2175905,6073,1676475,3706,2116155,6705,1623265,4342
California,Native Hawaiian or Other Pacific Islander Alone,04000US06,6,139355,1710,107030,1106,121060,1699,90255,1320
California,White Alone,04000US06,7,14972360,6,12487515,8,14470680,7173,12027485,6120
California,American Indian or Alaska Native and White,04000US06,8,159280,2566,122455,2062,158615,2543,121820,2034
California,Asian and White,04000US06,9,404750,6852,208155,3953,383560,6697,190760,3760
California,Black or African American and White,04000US06,10,175400,4715,81580,2634,172785,4629,79265,2579
California,American Indian or Alaska Native and Black or African American,04000US06,11,35795,2319,27925,1715,35745,2314,27870,1713
California,Remainder of Two or More Race Responses,04000US06,12,217080,5104,133445,3189,206710,4919,123885,3085
California,Hispanic or Latino,04000US06,13,14534450,,9780330,222,10931735,22599,6424220,21277
Colorado,Total,04000US08,1,5197580,,3962885,446,4882770,5344,3679120,4875
Colorado,Not Hispanic or Latino,04000US08,2,4108980,,3255910,396,4001655,3092,3160605,2696
Colorado,American Indian or Alaska Native Alone,04000US08,3,28645,963,22030,705,28570,971,21970,705
Colorado,Asian Alone,04000US08,4,145120,1606,112410,1198,103665,1917,75850,1622
Colorado,Black or African American Alone,04000US08,5,200370,1930,149195,1254,185470,1966,136700,1556
Colorado,Native Hawaiian or Other Pacific Islander Alone,04000US08,6,6060,459,4795,361,5345,406,4145,354
Colorado,White Alone,04000US08,7,3613455,774,2903000,731,3565515,2361,2859490,2061
Colorado,American Indian or Alaska Native and White,04000US08,8,29465,1018,22195,722,29445,1016,22175,719
Colorado,Asian and White,04000US08,9,34515,1494,17370,1109,33040,1284,16050,886
Colorado,Black or African American and White,04000US08,10,28470,1626,11355,892,28215,1619,11140,863
Colorado,American Indian or Alaska Native and Black or African American,04000US08,11,3720,564,2560,378,3720,564,2560,378
Colorado,Remainder of Two or More Race Responses,04000US08,12,19165,1478,10995,810,18675,1466,10520,791
Colorado,Hispanic or Latino,04000US08,13,1088600,,706975,193,881110,4156,518515,3872
Connecticut,Total,04000US09,1,3592055,,2796970,190,3337100,4281,2564235,3621
Connecticut,Not Hispanic or Latino,04000US09,2,3079260,,2450780,191,2918780,3137,2305075,2666
Connecticut,American Indian or Alaska Native Alone,04000US09,3,5010,583,3795,398,4865,598,3715,406
Connecticut,Asian Alone,04000US09,4,147485,1135,112005,630,93470,1925,63640,1535
Connecticut,Black or African American Alone,04000US09,5,345785,1595,257590,1058,312060,1877,227695,1680
Connecticut,Native Hawaiian or Other Pacific Islander Alone,04000US09,6,915,216,750,210,805,200,645,192
Connecticut,White Alone,04000US09,7,2518005,28,2044550,28,2447670,2434,1979090,2097
Connecticut,American Indian or Alaska Native and White,04000US09,8,10435,581,7665,408,10405,575,7635,401
Connecticut,Asian and White,04000US09,9,15885,1079,6585,545,14820,1035,5735,512
Connecticut,Black or African American and White,04000US09,10,23135,1426,9490,874,22760,1447,9215,877
Connecticut,American Indian or Alaska Native and Black or African American,04000US09,11,4055,660,3220,496,4025,669,3190,504
Connecticut,Remainder of Two or More Race Responses,04000US09,12,8550,1045,5130,643,7895,919,4510,533
Connecticut,Hispanic or Latino,04000US09,13,512795,,346190,,418320,3084,259160,2818
Delaware,Total,04000US10,1,917060,,712545,76,875710,1670,674335,1522
Delaware,Not Hispanic or Latino,04000US10,2,838460,,662485,81,816370,1098,641935,980
Delaware,American Indian or Alaska Native Alone,04000US10,3,2440,375,2065,272,2410,373,2060,272
Delaware,Asian Alone,04000US10,4,31760,492,24465,302,20415,726,13885,649
Delaware,Black or African American Alone,04000US10,5,194020,1106,142590,476,188625,1236,137715,787
Delaware,Native Hawaiian or Other Pacific Islander Alone,04000US10,6,170,88,170,88,160,88,160,88
Delaware,White Alone,04000US10,7,591405,27,484965,27,586395,521,480140,525
Delaware,American Indian or Alaska Native and White,04000US10,8,2715,378,2025,270,2710,379,2015,271
Delaware,Asian and White,04000US10,9,3510,495,1780,307,3325,478,1620,292
Delaware,Black or African American and White,04000US10,10,8930,977,2150,333,8895,971,2125,333
Delaware,American Indian or Alaska Native and Black or African American,04000US10,11,1200,306,915,223,1200,306,915,223
Delaware,Remainder of Two or More Race Responses,04000US10,12,2305,421,1365,300,2240,420,1300,307
Delaware,Hispanic or Latino,04000US10,13,78600,,50055,,59335,1151,32405,1050
District of Columbia,Total,04000US11,1,633735,,525745,30,579595,2174,475400,1946
District of Columbia,Not Hispanic or Latino,04000US11,2,571100,,477820,28,540250,1776,449235,1606
District of Columbia,American Indian or Alaska Native Alone,04000US11,3,1390,189,1295,151,1315,181,1220,151
District of Columbia,Asian Alone,04000US11,4,22895,574,21130,520,15935,709,14475,663
District of Columbia,Black or African American Alone,04000US11,5,309610,815,243200,520,299385,1357,234030,1052
District of Columbia,Native Hawaiian or Other Pacific Islander Alone,04000US11,6,185,107,185,107,185,107,185,107
District of Columbia,White Alone,04000US11,7,225055,29,203985,29,212190,1077,191850,983
District of Columbia,American Indian or Alaska Native and White,04000US11,8,675,185,540,146,675,185,540,146
District of Columbia,Asian and White,04000US11,9,4525,493,2865,434,4060,420,2510,363
District of Columbia,Black or African American and White,04000US11,10,3290,519,2100,347,3225,519,2040,345
District of Columbia,American Indian or Alaska Native and Black or African American,04000US11,11,860,180,685,151,860,180,685,151
District of Columbia,Remainder of Two or More Race Responses,04000US11,12,2610,470,1835,331,2415,454,1700,306
District of Columbia,Hispanic or Latino,04000US11,13,62635,,47925,,39345,1280,26165,1079
Florida,Total,04000US12,1,19361790,,15340815,482,17531970,15790,13673535,14661
Florida,Not Hispanic or Latino,04000US12,2,14844600,170,11973720,490,14140370,9247,11331150,7997
Florida,American Indian or Alaska Native Alone,04000US12,3,42710,1793,33940,1318,41885,1779,33135,1312
Florida,Asian Alone,04000US12,4,492460,3036,393015,1942,356290,4173,269015,3358
Florida,Black or African American Alone,04000US12,5,2997600,5371,2176795,2958,2728115,8143,1936720,6215
Florida,Native Hawaiian or Other Pacific Islander Alone,04000US12,6,11800,638,9080,455,10585,701,7970,554
Florida,White Alone,04000US12,7,11000610,3,9201825,5,10716970,5830,8936715,5048
Florida,American Indian or Alaska Native and White,04000US12,8,56645,1860,45995,1374,56350,1857,45705,1376
Florida,Asian and White,04000US12,9,71325,3063,37460,1798,67135,2884,33865,1532
Florida,Black or African American and White,04000US12,10,108775,3695,34820,1873,106035,3522,32485,1606
Florida,American Indian or Alaska Native and Black or African American,04000US12,11,11275,1473,7915,825,10910,1435,7615,802
Florida,Remainder of Two or More Race Responses,04000US12,12,51410,2785,32870,1908,46095,2641,27930,1728
Florida,Hispanic or Latino,04000US12,13,4517190,170,3367095,275,3391605,12082,2342385,11290
Georgia,Total,04000US13,1,9907755,,7419090,902,9316920,7695,6882880,6633
Georgia,Not Hispanic or Latino,04000US13,2,9011040,656,6853085,989,8749945,5080,6619090,4568
Georgia,American Indian or Alaska Native Alone,04000US13,3,18660,1129,14750,827,17940,1041,14055,795
Georgia,Asian Alone,04000US13,4,346270,2143,263970,1525,226365,3332,157185,2802
Georgia,Black or African American Alone,04000US13,5,3024370,4110,2188050,2245,2954480,5543,2125015,3912
Georgia,Native Hawaiian or Other Pacific Islander Alone,04000US13,6,3780,462,2850,348,3260,469,2420,349
Georgia,White Alone,04000US13,7,5462435,9,4308765,8,5396820,2502,4248965,2193
Georgia,American Indian or Alaska Native and White,04000US13,8,25935,1182,20265,931,25845,1180,20175,923
Georgia,Asian and White,04000US13,9,31670,1944,14875,1247,29670,1731,13570,1116
Georgia,Black or African American and White,04000US13,10,64290,2922,19070,1253,63645,2867,18535,1243
Georgia,American Indian or Alaska Native and Black or African American,04000US13,11,9185,1259,7110,1014,9125,1255,7055,1009
Georgia,Remainder of Two or More Race Responses,04000US13,12,24450,1740,13375,1033,22790,1580,12115,930
Georgia,Hispanic or Latino,04000US13,13,896715,656,566005,800,566975,5274,263785,4221
Hawaii,Total,04000US15,1,1392705,,1086115,56,1284330,3250,989250,2752
Hawaii,Not Hispanic or Latino,04000US15,2,1259220,,1002505,55,1155790,3190,910485,2699
Hawaii,American Indian or Alaska Native Alone,04000US15,3,2015,314,1825,281,1990,312,1810,280
Hawaii,Asian Alone,04000US15,4,519660,3343,442275,2604,448685,3163,378395,2721
Hawaii,Black or African American Alone,04000US15,5,25315,690,19775,525,24805,681,19340,526
Hawaii,Native Hawaiian or Other Pacific Islander Alone,04000US15,6,128315,1902,92335,1303,109090,2209,76340,1673
Hawaii,White Alone,04000US15,7,319315,26,277555,26,309285,864,268030,809
Hawaii,American Indian or Alaska Native and White,04000US15,8,7740,313,6235,279,7730,320,6225,284
Hawaii,Asian and White,04000US15,9,61425,2249,36875,1547,60845,2242,36375,1543
Hawaii,Black or African American and White,04000US15,10,4100,527,2515,435,4025,520,2440,429
Hawaii,American Indian or Alaska Native and Black or African American,04000US15,11,885,235,840,221,885,235,840,221
Hawaii,Remainder of Two or More Race Responses,04000US15,12,190450,4230,122270,2815,188445,4215,120695,2864
Hawaii,Hispanic or Latino,04000US15,13,133485,,83610,,128540,615,78765,604
Idaho,Total,04000US16,1,1599465,,1170915,334,1538060,2196,1116710,1945
Idaho,Not Hispanic or Latino,04000US16,2,1413090,,1059750,291,1394205,1424,1043920,1167
Idaho,American Indian or Alaska Native Alone,04000US16,3,16875,792,12560,546,16825,794,12510,549
Idaho,Asian Alone,04000US16,4,20810,927,15800,572,13715,840,10275,584
Idaho,Black or African American Alone,04000US16,5,8955,525,6105,300,7325,612,4975,367
Idaho,Native Hawaiian or Other Pacific Islander Alone,04000US16,6,2165,389,1555,278,1840,326,1265,266
Idaho,White Alone,04000US16,7,1334490,61,1007670,62,1325355,1042,999335,924
Idaho,American Indian or Alaska Native and White,04000US16,8,12335,848,8385,618,12315,847,8360,623
Idaho,Asian and White,04000US16,9,8085,718,3735,443,7665,684,3390,397
Idaho,Black or African American and White,04000US16,10,4920,543,1565,264,4915,543,1560,262
Idaho,American Indian or Alaska Native and Black or African American,04000US16,11,570,295,290,111,570,295,290,111
Idaho,Remainder of Two or More Race Responses,04000US16,12,3885,693,2085,483,3685,618,1955,426
Idaho,Hispanic or Latino,04000US16,13,186375,,111170,134,143855,1615,72790,1354
Illinois,Total,04000US17,1,12868745,,9813780,525,11920505,9318,8939895,8614
Illinois,Not Hispanic or Latino,04000US17,2,10773250,333,8444340,556,10375300,6421,8082880,5794
Illinois,American Indian or Alaska Native Alone,04000US17,3,14930,883,12020,648,14720,873,11815,646
Illinois,Asian Alone,04000US17,4,629370,2154,493615,1363,439680,3528,323705,2944
Illinois,Black or African American Alone,04000US17,5,1828410,3491,1344165,2136,1799215,4082,1318495,2776
Illinois,Native Hawaiian or Other Pacific Islander Alone,04000US17,6,2625,340,2110,259,2430,333,1920,254
Illinois,White Alone,04000US17,7,8102020,1476,6496890,1433,7928075,4808,6335570,4303
Illinois,American Indian or Alaska Native and White,04000US17,8,32225,1039,24350,812,32015,1103,24205,835
Illinois,Asian and White,04000US17,9,57875,2052,26100,1174,54895,1967,23430,1106
Illinois,Black or African American and White,04000US17,10,73920,2876,24105,1234,73635,2843,23875,1201
Illinois,American Indian or Alaska Native and Black or African American,04000US17,11,9230,1075,7180,817,9180,1073,7130,807
Illinois,Remainder of Two or More Race Responses,04000US17,12,22650,1730,13810,1207,21450,1695,12740,1176
Illinois,Hispanic or Latino,04000US17,13,2095495,334,1369440,378,1545205,5709,857010,5284
Indiana,Total,04000US18,1,6542410,,4950390,687,6342425,3945,4773225,3367
Indiana,Not Hispanic or Latino,04000US18,2,6130875,80,4699245,655,6038105,2576,4618090,2156
Indiana,American Indian or Alaska Native Alone,04000US18,3,12295,717,9645,600,12250,709,9600,591
Indiana,Asian Alone,04000US18,4,115860,1401,88455,851,63980,1601,43090,1170
Indiana,Black or African American Alone,04000US18,5,592945,2480,420150,1102,581090,2432,409945,1474
Indiana,Native Hawaiian or Other Pacific Islander Alone,04000US18,6,1670,299,1235,220,1515,296,1080,208
Indiana,White Alone,04000US18,7,5294250,434,4127955,294,5267290,1942,4104090,1475
Indiana,American Indian or Alaska Native and White,04000US18,8,28825,1018,21380,770,28760,1020,21315,764
Indiana,Asian and White,04000US18,9,19660,1323,8720,757,18670,1306,7980,704
Indiana,Black or African American and White,04000US18,10,53895,2143,14110,803,53570,2146,13845,782
Indiana,American Indian or Alaska Native and Black or African American,04000US18,11,3405,670,2520,402,3405,670,2520,402
Indiana,Remainder of Two or More Race Responses,04000US18,12,8070,879,5080,553,7580,834,4625,532
Indiana,Hispanic or Latino,04000US18,13,411535,80,251140,214,304320,2882,155135,2447
Iowa,Total,04000US19,1,3078115,,2352725,540,2988425,2617,2273765,2286
Iowa,Not Hispanic or Latino,04000US19,2,2915005,125,2256225,550,2865965,1793,2214060,1588
Iowa,American Indian or Alaska Native Alone,04000US19,3,7880,549,5945,387,7865,547,5930,385
Iowa,Asian Alone,04000US19,4,59505,942,45040,772,33525,1054,22420,809
Iowa,Black or African American Alone,04000US19,5,93835,1372,61950,759,86390,1636,55955,991
Iowa,Native Hawaiian or Other Pacific Islander Alone,04000US19,6,1665,416,1240,287,1195,295,815,192
Iowa,White Alone,04000US19,7,2705120,74,2121405,45,2690735,1058,2109020,875
Iowa,American Indian or Alaska Native and White,04000US19,8,11685,631,7885,455,11685,631,7885,453
Iowa,Asian and White,04000US19,9,9270,753,3945,467,8715,683,3385,366
Iowa,Black or African American and White,04000US19,10,20535,1293,5815,621,20440,1278,5720,599
Iowa,American Indian or Alaska Native and Black or African American,04000US19,11,1250,325,890,233,1250,325,890,233
Iowa,Remainder of Two or More Race Responses,04000US19,12,4260,634,2115,356,4165,615,2045,346
Iowa,Hispanic or Latino,04000US19,13,163110,125,96500,152,122460,1552,59705,1213
Kansas,Total,04000US20,1,2882945,,2157975,321,2755375,2857,2043785,2600
Kansas,Not Hispanic or Latino,04000US20,2,2566805,91,1968280,272,2519075,1759,1925935,1569
Kansas,American Indian or Alaska Native Alone,04000US20,3,20055,755,15030,529,20025,759,15000,531
Kansas,Asian Alone,04000US20,4,72595,948,54985,645,46040,1170,31075,985
Kansas,Black or African American Alone,04000US20,5,163695,1580,118405,950,156710,1549,112510,1036
Kansas,Native Hawaiian or Other Pacific Islander Alone,04000US20,6,1560,245,1175,206,1430,265,1045,218
Kansas,White Alone,04000US20,7,2233365,155,1740545,102,2220420,1040,1729065,906
Kansas,American Indian or Alaska Native and White,04000US20,8,25890,765,18085,569,25880,766,18080,571
Kansas,Asian and White,04000US20,9,11505,920,5600,578,10665,844,4915,528
Kansas,Black or African American and White,04000US20,10,26290,1237,7815,658,26245,1236,7775,655
Kansas,American Indian or Alaska Native and Black or African American,04000US20,11,3505,620,2350,515,3495,618,2340,512
Kansas,Remainder of Two or More Race Responses,04000US20,12,8340,938,4295,496,8165,921,4135,480
Kansas,Hispanic or Latino,04000US20,13,316140,89,189695,141,236300,2279,117850,2096
Kentucky,Total,04000US21,1,4383270,,3364920,595,4288115,2496,3281580,2190
Kentucky,Not Hispanic or Latino,04000US21,2,4243635,396,3278925,520,4193175,2189,3235895,1812
Kentucky,American Indian or Alaska Native Alone,04000US21,3,7455,551,6245,489,7280,568,6140,493
Kentucky,Asian Alone,04000US21,4,53360,1070,39475,748,30655,993,19835,857
Kentucky,Black or African American Alone,04000US21,5,341420,2269,251425,1130,333370,2355,245415,1318
Kentucky,Native Hawaiian or Other Pacific Islander Alone,04000US21,6,1940,406,1520,337,1585,329,1180,259
Kentucky,White Alone,04000US21,7,3764845,433,2946870,403,3746805,1506,2930815,1301
Kentucky,American Indian or Alaska Native and White,04000US21,8,16360,759,13435,704,16360,759,13435,704
Kentucky,Asian and White,04000US21,9,10550,920,5195,657,9770,831,4625,569
Kentucky,Black or African American and White,04000US21,10,39410,1976,9930,799,39380,1969,9900,797
Kentucky,American Indian or Alaska Native and Black or African American,04000US21,11,2065,437,1660,354,2020,436,1640,351
Kentucky,Remainder of Two or More Race Responses,04000US21,12,6225,682,3175,354,5955,706,2915,360
Kentucky,Hispanic or Latino,04000US21,13,139635,396,85995,473,94940,1536,45685,1378
Louisiana,Total,04000US22,1,4601050,,3485440,498,4491655,3342,3385550,3087
Louisiana,Not Hispanic or Latino,04000US22,2,4390525,274,3335720,461,4344605,2126,3293920,1946
Louisiana,American Indian or Alaska Native Alone,04000US22,3,25735,987,19155,754,25680,974,19100,745
Louisiana,Asian Alone,04000US22,4,75655,957,58645,571,51595,1414,37165,1126
Louisiana,Black or African American Alone,04000US22,5,1471910,1714,1053295,1086,1466335,2081,1048115,1443
Louisiana,Native Hawaiian or Other Pacific Islander Alone,04000US22,6,1615,266,1185,233,1430,234,1000,205
Louisiana,White Alone,04000US22,7,2753520,28,2171245,28,2738485,1283,2157275,1182
Louisiana,American Indian or Alaska Native and White,04000US22,8,17175,944,12385,673,17160,944,12375,672
Louisiana,Asian and White,04000US22,9,9100,937,4930,539,8300,870,4175,481
Louisiana,Black or African American and White,04000US22,10,23210,1520,6620,741,23150,1531,6590,748
Louisiana,American Indian or Alaska Native and Black or African American,04000US22,11,4815,872,3580,653,4790,873,3555,654
Louisiana,Remainder of Two or More Race Responses,04000US22,12,7790,842,4670,578,7680,832,4570,571
Louisiana,Hispanic or Latino,04000US22,13,210525,273,149720,410,147055,2394,91625,2196
Maine,Total,04000US23,1,1328535,,1063155,135,1307035,1436,1044335,1110
Maine,Not Hispanic or Latino,04000US23,2,1309945,,1051245,103,1290020,1385,1033785,1056
Maine,American Indian or Alaska Native Alone,04000US23,3,7255,472,5640,362,7075,485,5470,365
Maine,Asian Alone,04000US23,4,14435,518,10895,316,9785,603,6680,467
Maine,Black or African American Alone,04000US23,5,14630,570,9235,317,10585,705,6375,429
Maine,Native Hawaiian or Other Pacific Islander Alone,04000US23,6,190,101,155,72,180,97,145,72
Maine,White Alone,04000US23,7,1250345,23,1012625,23,1239835,804,1002870,685
Maine,American Indian or Alaska Native and White,04000US23,8,12105,583,8295,389,12095,585,8285,392
Maine,Asian and White,04000US23,9,4235,447,1945,260,3855,420,1640,262
Maine,Black or African American and White,04000US23,10,4750,481,1325,227,4740,480,1310,228
Maine,American Indian or Alaska Native and Black or African American,04000US23,11,350,125,280,116,350,125,280,116
Maine,Remainder of Two or More Race Responses,04000US23,12,1645,269,850,165,1520,277,730,161
Maine,Hispanic or Latino,04000US23,13,18590,,11915,69,17015,294,10550,266
Maryland,Total,04000US24,1,5887775,,4538800,288,5447810,5698,4142450,5258
Maryland,Not Hispanic or Latino,04000US24,2,5372050,,4187935,227,5123885,4259,3968345,3709
Maryland,American Indian or Alaska Native Alone,04000US24,3,12235,803,9835,621,12085,787,9695,604
Maryland,Asian Alone,04000US24,4,347040,1891,271565,1124,243060,2787,179890,2298
Maryland,Black or African American Alone,04000US24,5,1715475,2923,1289370,1832,1625470,4376,1209480,3311
Maryland,Native Hawaiian or Other Pacific Islander Alone,04000US24,6,2360,244,1760,200,2245,238,1645,199
Maryland,White Alone,04000US24,7,3161025,28,2548765,28,3110935,1990,2504225,1712
Maryland,American Indian or Alaska Native and White,04000US24,8,14780,821,11270,580,14745,815,11235,577
Maryland,Asian and White,04000US24,9,35380,1696,16530,981,33640,1584,15140,925
Maryland,Black or African American and White,04000US24,10,49405,2223,16685,1064,48900,2212,16240,1037
Maryland,American Indian or Alaska Native and Black or African American,04000US24,11,10235,1142,7520,744,10215,1141,7500,744
Maryland,Remainder of Two or More Race Responses,04000US24,12,24125,1442,14635,959,22590,1321,13300,877
Maryland,Hispanic or Latino,04000US24,13,515725,,350865,136,323920,3584,174105,3162
Massachusetts,Total,04000US25,1,6657290,,5254680,198,6160855,6087,4799875,5304
Massachusetts,Not Hispanic or Latino,04000US25,2,5975465,410,4794775,367,5610415,5618,4460155,4870
Massachusetts,American Indian or Alaska Native Alone,04000US25,3,8705,635,7150,516,8280,606,6735,497
Massachusetts,Asian Alone,04000US25,4,388450,1837,304230,1260,261100,2998,186945,2509
Massachusetts,Black or African American Alone,04000US25,5,437385,2200,324665,1444,364690,3284,259935,2476
Massachusetts,Native Hawaiian or Other Pacific Islander Alone,04000US25,6,1910,272,1465,236,1740,239,1320,218
Massachusetts,White Alone,04000US25,7,5027905,324,4097170,312,4871955,3998,3952630,3492
Massachusetts,American Indian or Alaska Native and White,04000US25,8,17930,644,13340,503,17705,637,13115,501
Massachusetts,Asian and White,04000US25,9,35515,1583,16435,935,32415,1510,13965,846
Massachusetts,Black or African American and White,04000US25,10,39475,2040,17985,1212,35490,1745,14230,976
Massachusetts,American Indian or Alaska Native and Black or African American,04000US25,11,4115,568,3210,480,4030,562,3150,473
Massachusetts,Remainder of Two or More Race Responses,04000US25,12,14070,1359,9130,989,13020,1281,8135,873
Massachusetts,Hispanic or Latino,04000US25,13,681825,410,459900,316,550440,2851,339720,2529
Michigan,Total,04000US26,1,9889025,,7614745,571,9586740,4802,7347660,4277
Michigan,Not Hispanic or Latino,04000US26,2,9431915,29,7332550,537,9206320,4197,7134905,3636
Michigan,American Indian or Alaska Native Alone,04000US26,3,48885,1270,36845,976,48295,1225,36290,917
Michigan,Asian Alone,04000US26,4,260460,1840,195790,1124,164140,2469,111775,1729
Michigan,Black or African American Alone,04000US26,5,1372010,3398,1007730,1936,1357270,3589,995280,2072
Michigan,Native Hawaiian or Other Pacific Islander Alone,04000US26,6,1960,299,1525,232,1870,303,1435,238
Michigan,White Alone,04000US26,7,7537825,23,5985435,23,7428745,3091,5888795,2648
Michigan,American Indian or Alaska Native and White,04000US26,8,53420,1172,37250,912,53305,1173,37135,911
Michigan,Asian and White,04000US26,9,38875,1799,17900,1079,35560,1603,15320,878
Michigan,Black or African American and White,04000US26,10,81815,2694,26210,1324,81385,2678,25865,1306
Michigan,American Indian or Alaska Native and Black or African American,04000US26,11,12835,1082,9740,738,12815,1084,9715,740
Michigan,Remainder of Two or More Race Responses,04000US26,12,23820,1531,14130,959,22935,1492,13295,931
Michigan,Hispanic or Latino,04000US26,13,457110,20,282195,133,380420,2210,212760,1894
Minnesota,Total,04000US27,1,5383660,,4103640,216,5173905,3963,3920515,3460
Minnesota,Not Hispanic or Latino,04000US27,2,5119395,64,3945270,218,4985940,3175,3831675,2681
Minnesota,American Indian or Alaska Native Alone,04000US27,3,52490,968,36470,701,52150,968,36195,706
Minnesota,Asian Alone,04000US27,4,231195,1686,163135,881,168675,2545,109500,1857
Minnesota,Black or African American Alone,04000US27,5,287010,2238,189505,844,247850,2611,157570,1634
Minnesota,Native Hawaiian or Other Pacific Islander Alone,04000US27,6,1950,240,1440,206,1640,237,1225,200
Minnesota,White Alone,04000US27,7,4427715,20,3502775,20,4398330,1414,3476585,1141
Minnesota,American Indian or Alaska Native and White,04000US27,8,29545,951,19090,679,29485,951,19040,678
Minnesota,Asian and White,04000US27,9,29815,1595,11145,862,29030,1603,10545,850
Minnesota,Black or African American and White,04000US27,10,42770,2060,13110,744,42570,2032,12985,740
Minnesota,American Indian or Alaska Native and Black or African American,04000US27,11,4235,714,2420,348,4225,713,2405,347
Minnesota,Remainder of Two or More Race Responses,04000US27,12,12670,1134,6180,681,11980,1059,5630,603
Minnesota,Hispanic or Latino,04000US27,13,264265,64,158370,52,187965,1908,88840,1754
Mississippi,Total,04000US28,1,2984345,,2241045,602,2940870,1894,2201530,1814
Mississippi,Not Hispanic or Latino,04000US28,2,2900270,809,2185225,892,2883185,1591,2169815,1538
Mississippi,American Indian or Alaska Native Alone,04000US28,3,11955,560,8310,503,11750,493,8105,426
Mississippi,Asian Alone,04000US28,4,28120,918,21925,686,18145,1007,12905,784
Mississippi,Black or African American Alone,04000US28,5,1110130,2136,789135,1318,1108680,2191,787900,1399
Mississippi,Native Hawaiian or Other Pacific Islander Alone,04000US28,6,380,122,330,114,380,122,330,114
Mississippi,White Alone,04000US28,7,1720805,29,1352890,78,1715715,610,1348285,575
Mississippi,American Indian or Alaska Native and White,04000US28,8,7400,604,5115,505,7400,604,5115,505
Mississippi,Asian and White,04000US28,9,3850,537,2045,358,3580,504,1775,327
Mississippi,Black or African American and White,04000US28,10,12980,1352,2465,336,12960,1355,2440,332
Mississippi,American Indian or Alaska Native and Black or African American,04000US28,11,1675,347,1225,258,1675,347,1225,258
Mississippi,Remainder of Two or More Race Responses,04000US28,12,2970,507,1795,368,2895,502,1740,365
Mississippi,Hispanic or Latino,04000US28,13,84075,809,55820,821,57690,1395,31715,1265
Missouri,Total,04000US29,1,6028075,,4621580,596,5895115,3140,4503000,2866
Missouri,Not Hispanic or Latino,04000US29,2,5801690,214,4480025,501,5717275,2353,4405130,2185
Missouri,American Indian or Alaska Native Alone,04000US29,3,21740,1046,17400,751,21690,1046,17360,750
Missouri,Asian Alone,04000US29,4,101755,1330,79375,882,64830,1525,45870,1143
Missouri,Black or African American Alone,04000US29,5,692055,2749,500520,1270,680155,3247,490665,1905
Missouri,Native Hawaiian or Other Pacific Islander Alone,04000US29,6,5860,534,3900,365,4075,599,2555,413
Missouri,White Alone,04000US29,7,4857935,256,3815550,239,4827210,1667,3787855,1428
Missouri,American Indian or Alaska Native and White,04000US29,8,38460,1171,28525,914,38435,1174,28525,912
Missouri,Asian and White,04000US29,9,21860,1176,10605,758,19855,1081,9050,720
Missouri,Black or African American and White,04000US29,10,43420,2404,12795,1031,43175,2384,12645,1026
Missouri,American Indian or Alaska Native and Black or African American,04000US29,11,5810,851,4065,521,5790,854,4060,520
Missouri,Remainder of Two or More Race Responses,04000US29,12,12805,1183,7290,728,12050,1153,6545,716
Missouri,Hispanic or Latino,04000US29,13,226390,217,141555,248,177840,1942,97870,1687
Montana,Total,04000US30,1,1006370,,782700,300,996745,819,774020,784
Montana,Not Hispanic or Latino,04000US30,2,974470,187,762735,265,966460,749,755520,670
Montana,American Indian or Alaska Native Alone,04000US30,3,63035,768,41505,574,62915,781,41440,576
Montana,Asian Alone,04000US30,4,6545,455,5300,321,4320,419,3390,345
Montana,Black or African American Alone,04000US30,5,4425,401,3105,240,3990,400,2800,239
Montana,Native Hawaiian or Other Pacific Islander Alone,04000US30,6,660,187,580,183,635,185,555,183
Montana,White Alone,04000US30,7,878100,80,700305,59,873045,499,695545,460
Montana,American Indian or Alaska Native and White,04000US30,8,12785,745,8055,573,12775,744,8045,573
Montana,Asian and White,04000US30,9,3325,403,1750,261,3210,389,1635,258
Montana,Black or African American and White,04000US30,10,2870,383,860,239,2870,383,860,239
Montana,American Indian or Alaska Native and Black or African American,04000US30,11,305,171,155,98,305,171,155,98
Montana,Remainder of Two or More Race Responses,04000US30,12,2420,462,1115,258,2400,466,1095,259
Montana,Hispanic or Latino,04000US30,13,31900,187,19970,212,30285,347,18500,347
Nebraska,Total,04000US31,1,1855615,,1392965,315,1777920,2528,1324465,2125
Nebraska,Not Hispanic or Latino,04000US31,2,1675170,63,1286045,246,1645850,1452,1261330,1127
Nebraska,American Indian or Alaska Native Alone,04000US31,3,12930,522,8345,398,12910,520,8325,400
Nebraska,Asian Alone,04000US31,4,35645,604,26710,443,21210,762,14330,620
Nebraska,Black or African American Alone,04000US31,5,84260,1123,57585,625,77995,1287,52580,871
Nebraska,Native Hawaiian or Other Pacific Islander Alone,04000US31,6,1085,223,835,174,895,144,665,129
Nebraska,White Alone,04000US31,7,1508380,69,1177585,36,1500590,966,1170985,665
Nebraska,American Indian or Alaska Native and White,04000US31,8,8935,480,5945,367,8915,481,5945,367
Nebraska,Asian and White,04000US31,9,6460,603,2970,315,6090,599,2640,278
Nebraska,Black or African American and White,04000US31,10,11455,880,2835,457,11420,873,2810,454
Nebraska,American Indian or Alaska Native and Black or African American,04000US31,11,2120,526,1310,300,2120,526,1310,300
Nebraska,Remainder of Two or More Race Responses,04000US31,12,3895,585,1920,334,3705,560,1740,301
Nebraska,Hispanic or Latino,04000US31,13,180450,61,106920,175,132070,1920,63135,1678
Nevada,Total,04000US32,1,2761585,,2100485,308,2468100,3834,1830240,3323
Nevada,Not Hispanic or Latino,04000US32,2,2009535,,1612830,307,1922745,2871,1533115,2543
Nevada,American Indian or Alaska Native Alone,04000US32,3,24460,686,18765,465,24405,676,18710,455
Nevada,Asian Alone,04000US32,4,205200,1892,168135,1236,155175,2823,122575,1983
Nevada,Black or African American Alone,04000US32,5,221640,1994,164245,1173,215185,2176,158540,1387
Nevada,Native Hawaiian or Other Pacific Islander Alone,04000US32,6,16595,548,12270,418,15990,614,11685,487
Nevada,White Alone,04000US32,7,1458795,30,1204575,10,1431480,1500,1178825,1365
Nevada,American Indian or Alaska Native and White,04000US32,8,11580,661,8565,443,11510,661,8495,442
Nevada,Asian and White,04000US32,9,26300,1804,13205,1005,25420,1769,12470,987
Nevada,Black or African American and White,04000US32,10,19200,1654,7170,804,19040,1676,7025,824
Nevada,American Indian or Alaska Native and Black or African American,04000US32,11,2655,493,1970,411,2655,493,1970,411
Nevada,Remainder of Two or More Race Responses,04000US32,12,23115,1761,13935,1153,21885,1739,12810,1076
Nevada,Hispanic or Latino,04000US32,13,752050,,487655,,545355,3454,297125,2950
New Hampshire,Total,04000US33,1,1321070,,1045345,246,1286185,1232,1013650,971
New Hampshire,Not Hispanic or Latino,04000US33,2,1280770,,1019315,227,1251830,1027,992985,908
New Hampshire,American Indian or Alaska Native Alone,04000US33,3,2140,301,1770,242,2135,303,1760,244
New Hampshire,Asian Alone,04000US33,4,31005,695,23225,392,18450,788,11810,525
New Hampshire,Black or African American Alone,04000US33,5,14715,675,10690,506,11405,753,7920,559
New Hampshire,Native Hawaiian or Other Pacific Islander Alone,04000US33,6,280,127,245,119,280,127,245,119
New Hampshire,White Alone,04000US33,7,1213000,26,972865,26,1200315,874,961020,782
New Hampshire,American Indian or Alaska Native and White,04000US33,8,6475,315,4995,270,6470,314,4990,270
New Hampshire,Asian and White,04000US33,9,5340,639,2285,347,5030,602,2065,310
New Hampshire,Black or African American and White,04000US33,10,5570,628,1795,338,5530,624,1760,326
New Hampshire,American Indian or Alaska Native and Black or African American,04000US33,11,270,118,250,116,270,118,250,116
New Hampshire,Remainder of Two or More Race Responses,04000US33,12,1975,385,1190,262,1950,387,1165,260
New Hampshire,Hispanic or Latino,04000US33,13,40300,,26030,82,34360,841,20665,665
New Jersey,Total,04000US34,1,8874375,,6838290,357,7959135,9998,6002840,8584
New Jersey,Not Hispanic or Latino,04000US34,2,7224590,,5672710,352,6748230,6320,5240995,5389
New Jersey,American Indian or Alaska Native Alone,04000US34,3,10795,651,8125,527,10240,667,7595,556
New Jersey,Asian Alone,04000US34,4,787400,2096,604315,1554,547845,3946,387805,3469
New Jersey,Black or African American Alone,04000US34,5,1147425,2567,860870,1563,1072500,3726,793290,2804
New Jersey,Native Hawaiian or Other Pacific Islander Alone,04000US34,6,2225,431,1730,359,1845,279,1410,238
New Jersey,White Alone,04000US34,7,5156730,28,4135395,28,5000970,3831,3993035,3286
New Jersey,American Indian or Alaska Native and White,04000US34,8,13330,660,9810,486,13210,668,9690,502
New Jersey,Asian and White,04000US34,9,40745,1855,16800,1276,38645,1823,15130,1142
New Jersey,Black or African American and White,04000US34,10,38030,2071,16465,1172,36950,2031,15520,1129
New Jersey,American Indian or Alaska Native and Black or African American,04000US34,11,7810,960,6270,751,7745,953,6230,745
New Jersey,Remainder of Two or More Race Responses,04000US34,12,20095,1374,12930,985,18280,1281,11290,874
New Jersey,Hispanic or Latino,04000US34,13,1649785,,1165580,,1210905,6816,761845,5894
New Mexico,Total,04000US35,1,2080085,,1569210,452,1945130,3779,1448020,3476
New Mexico,Not Hispanic or Latino,04000US35,2,1101895,,891975,457,1081665,1391,873970,1192
New Mexico,American Indian or Alaska Native Alone,04000US35,3,178235,1181,126210,770,178175,1175,126145,760
New Mexico,Asian Alone,04000US35,4,27500,646,22745,519,19390,846,15420,717
New Mexico,Black or African American Alone,04000US35,5,37940,799,29350,553,36995,840,28465,588
New Mexico,Native Hawaiian or Other Pacific Islander Alone,04000US35,6,1105,210,900,166,1080,211,895,164
New Mexico,White Alone,04000US35,7,827620,171,695560,211,817065,932,686275,716
New Mexico,American Indian or Alaska Native and White,04000US35,8,11110,808,7565,616,11075,810,7530,619
New Mexico,Asian and White,04000US35,9,6870,586,3370,370,6620,557,3135,336
New Mexico,Black or African American and White,04000US35,10,5605,620,2885,450,5575,615,2850,452
New Mexico,American Indian or Alaska Native and Black or African American,04000US35,11,1770,468,945,301,1770,468,945,301
New Mexico,Remainder of Two or More Race Responses,04000US35,12,4140,660,2440,378,3925,637,2310,383
New Mexico,Hispanic or Latino,04000US35,13,978190,,677235,,863465,3524,574055,3181
New York,Total,04000US36,1,19594330,,15322100,403,17536170,14009,13425020,12810
New York,Not Hispanic or Latino,04000US36,2,16034685,,12756380,406,14824875,9812,11647360,8826
New York,American Indian or Alaska Native Alone,04000US36,3,49275,1436,36835,1076,46475,1507,34470,1058
New York,Asian Alone,04000US36,4,1552020,3521,1244535,2479,1046735,5421,782135,4868
New York,Black or African American Alone,04000US36,5,2868245,3869,2184545,2276,2542585,6745,1889325,5058
New York,Native Hawaiian or Other Pacific Islander Alone,04000US36,6,6275,610,5215,488,4970,650,4015,538
New York,White Alone,04000US36,7,11261955,27,9120075,27,10905705,5469,8787810,4841
New York,American Indian or Alaska Native and White,04000US36,8,42040,1482,30950,1089,41750,1475,30715,1066
New York,Asian and White,04000US36,9,89600,3453,45330,2338,80565,3052,38150,1918
New York,Black or African American and White,04000US36,10,97535,3300,40090,1607,95415,3235,38350,1533
New York,American Indian or Alaska Native and Black or African American,04000US36,11,18090,1326,14435,1119,17425,1291,13870,1077
New York,Remainder of Two or More Race Responses,04000US36,12,49655,2381,34370,1711,43255,1962,28515,1385
New York,Hispanic or Latino,04000US36,13,3559645,,2565720,31,2711295,9593,1777660,8961
North Carolina,Total,04000US37,1,9750405,,7466180,626,9249440,6328,7015220,5679
North Carolina,Not Hispanic or Latino,04000US37,2,8901810,124,6946970,506,8729620,4136,6795395,3372
North Carolina,American Indian or Alaska Native Alone,04000US37,3,106665,1432,79935,864,106485,1442,79780,870
North Carolina,Asian Alone,04000US37,4,232315,1680,174040,1058,150375,1986,103015,1610
North Carolina,Black or African American Alone,04000US37,5,2069785,3498,1540310,1968,2042180,3826,1516480,2515
North Carolina,Native Hawaiian or Other Pacific Islander Alone,04000US37,6,5595,719,4005,482,4610,603,3265,366
North Carolina,White Alone,04000US37,7,6308515,417,5063680,315,6250075,2656,5010410,2222
North Carolina,American Indian or Alaska Native and White,04000US37,8,37335,1440,26975,862,37300,1436,26945,858
North Carolina,Asian and White,04000US37,9,30275,1459,13945,1010,28815,1432,12710,956
North Carolina,Black or African American and White,04000US37,10,70425,2848,19715,1183,69935,2819,19285,1132
North Carolina,American Indian or Alaska Native and Black or African American,04000US37,11,15680,1306,10645,889,15680,1306,10645,889
North Carolina,Remainder of Two or More Race Responses,04000US37,12,25210,1655,13715,1070,24170,1606,12860,1044
North Carolina,Hispanic or Latino,04000US37,13,848595,124,519215,295,519815,4738,219825,4299
North Dakota,Total,04000US38,1,704925,,546625,287,691855,1055,535555,807
North Dakota,Not Hispanic or Latino,04000US38,2,686675,32,535365,163,674855,965,525490,698
North Dakota,American Indian or Alaska Native Alone,04000US38,3,36190,623,23250,415,36145,623,23205,419
North Dakota,Asian Alone,04000US38,4,8065,403,6550,293,3390,456,2390,279
North Dakota,Black or African American Alone,04000US38,5,10430,594,7255,355,7315,624,5100,404
North Dakota,Native Hawaiian or Other Pacific Islander Alone,04000US38,6,285,104,180,77,260,105,160,75
North Dakota,White Alone,04000US38,7,618780,70,491725,56,615150,539,488465,441
North Dakota,American Indian or Alaska Native and White,04000US38,8,6760,597,3925,372,6760,598,3925,371
North Dakota,Asian and White,04000US38,9,1910,356,850,235,1745,340,745,224
North Dakota,Black or African American and White,04000US38,10,2510,482,845,231,2400,472,755,221
North Dakota,American Indian or Alaska Native and Black or African American,04000US38,11,335,238,150,107,335,238,150,107
North Dakota,Remainder of Two or More Race Responses,04000US38,12,1410,343,640,189,1360,337,595,178
North Dakota,Hispanic or Latino,04000US38,13,18250,32,11260,198,17000,291,10065,314
Ohio,Total,04000US39,1,11560380,,8886720,599,11325140,4822,8678485,4055
Ohio,Not Hispanic or Latino,04000US39,2,11180840,83,8649865,517,11006695,3752,8496530,3133
Ohio,American Indian or Alaska Native Alone,04000US39,3,17100,837,14435,681,16910,842,14245,695
Ohio,Asian Alone,04000US39,4,209860,1637,161835,1079,131875,2038,92605,1643
Ohio,Black or African American Alone,04000US39,5,1393000,4171,1013760,1963,1361965,4444,987835,2444
Ohio,Native Hawaiian or Other Pacific Islander Alone,04000US39,6,2675,380,2035,280,2405,359,1815,270
Ohio,White Alone,04000US39,7,9324490,207,7351775,197,9263420,2617,7297045,2125
Ohio,American Indian or Alaska Native and White,04000US39,8,43460,867,32855,699,43395,869,32790,704
Ohio,Asian and White,04000US39,9,34965,1535,15830,962,32520,1514,13825,889
Ohio,Black or African American and White,04000US39,10,121115,3288,36725,1604,120915,3271,36525,1589
Ohio,American Indian or Alaska Native and Black or African American,04000US39,11,9585,975,6945,644,9585,975,6945,644
Ohio,Remainder of Two or More Race Responses,04000US39,12,24595,1706,13670,871,23705,1677,12900,861
Ohio,Hispanic or Latino,04000US39,13,379540,85,236855,278,318445,2453,181960,2141
Oklahoma,Total,04000US40,1,3818850,,2877525,325,3674915,2330,2749195,2115
Oklahoma,Not Hispanic or Latino,04000US40,2,3460935,,2662680,297,3416165,1701,2622960,1536
Oklahoma,American Indian or Alaska Native Alone,04000US40,3,263325,2709,181450,1808,263180,2715,181320,1809
Oklahoma,Asian Alone,04000US40,4,70525,973,54695,630,46680,1164,33745,911
Oklahoma,Black or African American Alone,04000US40,5,273565,1914,199400,975,268210,1912,194740,1080
Oklahoma,Native Hawaiian or Other Pacific Islander Alone,04000US40,6,4265,329,2820,218,3120,327,1865,231
Oklahoma,White Alone,04000US40,7,2590590,170,2070835,149,2577350,1021,2058715,869
Oklahoma,American Indian or Alaska Native and White,04000US40,8,185395,2757,122170,1789,185340,2761,122125,1792
Oklahoma,Asian and White,04000US40,9,13240,1008,6340,620,12545,986,5730,590
Oklahoma,Black or African American and White,04000US40,10,29605,1538,8505,625,29540,1542,8450,627
Oklahoma,American Indian or Alaska Native and Black or African American,04000US40,11,16690,934,9960,631,16665,936,9945,630
Oklahoma,Remainder of Two or More Race Responses,04000US40,12,13730,949,6505,529,13520,939,6330,527
Oklahoma,Hispanic or Latino,04000US40,13,357915,,214845,58,258750,1938,126235,1683
Oregon,Total,04000US41,1,3900345,,3040255,204,3666855,5291,2830525,4237
Oregon,Not Hispanic or Latino,04000US41,2,3426615,,2750235,203,3331445,3362,2665855,2902
Oregon,American Indian or Alaska Native Alone,04000US41,3,37820,1190,28755,896,37735,1191,28675,892
Oregon,Asian Alone,04000US41,4,151125,1533,119560,1076,109035,1750,81830,1532
Oregon,Black or African American Alone,04000US41,5,67590,1196,49525,704,62150,1360,45580,865
Oregon,Native Hawaiian or Other Pacific Islander Alone,04000US41,6,14075,543,9830,358,10590,699,6805,542
Oregon,White Alone,04000US41,7,3034755,8,2471650,3,2993055,2172,2434000,1874
Oregon,American Indian or Alaska Native and White,04000US41,8,46840,1145,34240,841,46735,1152,34170,836
Oregon,Asian and White,04000US41,9,33355,1377,15725,781,32045,1305,14645,752
Oregon,Black or African American and White,04000US41,10,19070,1211,7315,639,18975,1207,7265,633
Oregon,American Indian or Alaska Native and Black or African American,04000US41,11,2005,369,1550,295,2005,369,1550,295
Oregon,Remainder of Two or More Race Responses,04000US41,12,19980,1574,12085,1005,19120,1518,11335,956
Oregon,Hispanic or Latino,04000US41,13,473730,,290020,,335410,3601,164670,2974
Pennsylvania,Total,04000US42,1,12758730,,10018510,380,12378095,6052,9676900,5049
Pennsylvania,Not Hispanic or Latino,04000US42,2,11974165,42,9512130,362,11709125,5018,9274355,4213
Pennsylvania,American Indian or Alaska Native Alone,04000US42,3,15385,650,12540,555,15250,647,12405,559
Pennsylvania,Asian Alone,04000US42,4,379795,1760,293125,982,254175,2728,181135,2334
Pennsylvania,Black or African American Alone,04000US42,5,1347765,3196,993655,1920,1302465,3590,953370,2348
Pennsylvania,Native Hawaiian or Other Pacific Islander Alone,04000US42,6,2335,428,1855,367,1875,322,1410,258
Pennsylvania,White Alone,04000US42,7,10035680,414,8119370,383,9947865,3166,8039305,2819
Pennsylvania,American Indian or Alaska Native and White,04000US42,8,27965,670,20745,591,27905,683,20680,604
Pennsylvania,Asian and White,04000US42,9,39135,1657,18220,970,35385,1470,15115,788
Pennsylvania,Black or African American and White,04000US42,10,93010,2848,30550,1475,92500,2821,30095,1459
Pennsylvania,American Indian or Alaska Native and Black or African American,04000US42,11,9970,949,7770,703,9960,948,7760,702
Pennsylvania,Remainder of Two or More Race Responses,04000US42,12,23125,1354,14300,989,21755,1309,13085,925
Pennsylvania,Hispanic or Latino,04000US42,13,784560,38,506375,122,668970,3457,402545,3033
Rhode Island,Total,04000US44,1,1053250,,835825,133,985285,2277,773775,1939
Rhode Island,Not Hispanic or Latino,04000US44,2,913420,,743655,132,879675,1346,712815,1120
Rhode Island,American Indian or Alaska Native Alone,04000US44,3,4315,393,3280,269,4250,400,3215,273
Rhode Island,Asian Alone,04000US44,4,32910,631,25795,454,21160,819,14965,697
Rhode Island,Black or African American Alone,04000US44,5,58360,1081,42235,747,50740,1153,35645,809
Rhode Island,Native Hawaiian or Other Pacific Islander Alone,04000US44,6,685,201,495,131,600,201,410,130
Rhode Island,White Alone,04000US44,7,797390,29,660625,29,783905,856,647940,783
Rhode Island,American Indian or Alaska Native and White,04000US44,8,3040,388,2190,279,3020,385,2175,275
Rhode Island,Asian and White,04000US44,9,4835,598,2590,385,4395,493,2285,328
Rhode Island,Black or African American and White,04000US44,10,7160,905,2980,598,7070,901,2900,590
Rhode Island,American Indian or Alaska Native and Black or African American,04000US44,11,2270,539,1820,392,2255,537,1805,390
Rhode Island,Remainder of Two or More Race Responses,04000US44,12,2465,507,1645,415,2280,444,1470,354
Rhode Island,Hispanic or Latino,04000US44,13,139830,,92170,,105610,1682,60960,1488
South Carolina,Total,04000US45,1,4727275,,3647245,358,4582320,3216,3515425,3034
South Carolina,Not Hispanic or Latino,04000US45,2,4478815,164,3486490,331,4423540,2634,3436310,2264
South Carolina,American Indian or Alaska Native Alone,04000US45,3,14375,876,11045,627,14295,883,10965,637
South Carolina,Asian Alone,04000US45,4,63375,1080,49980,720,43645,1233,32420,1013
South Carolina,Black or African American Alone,04000US45,5,1297810,2402,960090,1116,1291390,2740,954300,1494
South Carolina,Native Hawaiian or Other Pacific Islander Alone,04000US45,6,2295,417,1425,233,1885,365,1040,214
South Carolina,White Alone,04000US45,7,3025290,29,2429035,29,2997720,1664,2403495,1494
South Carolina,American Indian or Alaska Native and White,04000US45,8,16245,872,12315,596,16245,872,12315,596
South Carolina,Asian and White,04000US45,9,11450,891,5545,572,10765,822,5015,521
South Carolina,Black or African American and White,04000US45,10,34100,2359,8675,832,33975,2355,8590,840
South Carolina,American Indian or Alaska Native and Black or African American,04000US45,11,4810,737,3745,548,4810,737,3745,548
South Carolina,Remainder of Two or More Race Responses,04000US45,12,9060,1008,4635,624,8810,979,4420,615
South Carolina,Hispanic or Latino,04000US45,13,248460,165,160755,271,158780,2360,79115,2156
South Dakota,Total,04000US46,1,834710,,628700,282,819405,1109,616015,952
South Dakota,Not Hispanic or Latino,04000US46,2,808250,225,612730,332,797705,933,604630,740
South Dakota,American Indian or Alaska Native Alone,04000US46,3,69725,975,42870,623,69700,978,42855,626
South Dakota,Asian Alone,04000US46,4,9490,416,6875,313,4670,402,2935,288
South Dakota,Black or African American Alone,04000US46,5,12340,521,7900,417,9050,639,5745,454
South Dakota,Native Hawaiian or Other Pacific Islander Alone,04000US46,6,245,114,195,82,245,114,195,82
South Dakota,White Alone,04000US46,7,698530,255,545860,212,696230,580,543955,435
South Dakota,American Indian or Alaska Native and White,04000US46,8,10940,880,6480,541,10920,886,6460,545
South Dakota,Asian and White,04000US46,9,1695,275,785,157,1645,272,760,157
South Dakota,Black or African American and White,04000US46,10,3495,478,965,235,3480,473,950,234
South Dakota,American Indian or Alaska Native and Black or African American,04000US46,11,490,125,185,81,490,125,185,81
South Dakota,Remainder of Two or More Race Responses,04000US46,12,1295,362,615,223,1270,358,585,213
South Dakota,Hispanic or Latino,04000US46,13,26460,223,15970,224,21700,583,11385,501
Tennessee,Total,04000US47,1,6451365,,4958890,789,6255625,4017,4785580,3801
Tennessee,Not Hispanic or Latino,04000US47,2,6141535,236,4768010,621,6059270,2715,4696100,2474
Tennessee,American Indian or Alaska Native Alone,04000US47,3,13745,809,11285,684,13570,806,11110,676
Tennessee,Asian Alone,04000US47,4,99590,1432,75695,925,66285,1736,46440,1283
Tennessee,Black or African American Alone,04000US47,5,1076360,2476,781460,1257,1062245,2792,769650,1680
Tennessee,Native Hawaiian or Other Pacific Islander Alone,04000US47,6,2870,475,1940,274,2570,417,1710,228
Tennessee,White Alone,04000US47,7,4844555,553,3844310,370,4812015,1829,3815420,1593
Tennessee,American Indian or Alaska Native and White,04000US47,8,34200,1021,26590,808,34165,1025,26565,812
Tennessee,Asian and White,04000US47,9,16405,1285,8020,742,15110,1161,6990,660
Tennessee,Black or African American and White,04000US47,10,40395,2077,10230,886,40215,2083,10070,881
Tennessee,American Indian or Alaska Native and Black or African American,04000US47,11,3440,621,2730,494,3440,621,2730,494
Tennessee,Remainder of Two or More Race Responses,04000US47,12,9980,981,5745,621,9655,958,5420,606
Tennessee,Hispanic or Latino,04000US47,13,309830,236,190880,371,196355,2909,89480,2564
Texas,Total,04000US48,1,26092035,,19101945,948,23249755,19419,16529535,17457
Texas,Not Hispanic or Latino,04000US48,2,16129390,,12549360,936,15509955,8649,12007245,7143
Texas,American Indian or Alaska Native Alone,04000US48,3,66965,2103,52060,1551,66425,2073,51560,1522
Texas,Asian Alone,04000US48,4,1065790,4080,813815,2316,730595,5569,518460,4840
Texas,Black or African American Alone,04000US48,5,3025865,4864,2206620,2648,2933840,6113,2129340,3998
Texas,Native Hawaiian or Other Pacific Islander Alone,04000US48,6,19040,861,14135,619,16405,1003,11675,764
Texas,White Alone,04000US48,7,11590705,1030,9265620,932,11414315,4597,9109965,3700
Texas,American Indian or Alaska Native and White,04000US48,8,92335,2018,72025,1577,92230,2021,71930,1578
Texas,Asian and White,04000US48,9,90350,3933,45380,2278,82160,3489,38395,1910
Texas,Black or African American and White,04000US48,10,108185,4440,34990,2057,107210,4412,34080,2021
Texas,American Indian or Alaska Native and Black or African American,04000US48,11,19590,1526,14955,1197,19480,1502,14845,1176
Texas,Remainder of Two or More Race Responses,04000US48,12,50565,2938,29760,1867,47295,2718,26995,1692
Texas,Hispanic or Latino,04000US48,13,9962645,,6552585,108,7739800,16453,4522290,14720
Utah,Total,04000US49,1,2858110,,1969165,330,2703125,3707,1831260,3280
Utah,Not Hispanic or Latino,04000US49,2,2478655,,1739240,323,2427475,2204,1695240,1952
Utah,American Indian or Alaska Native Alone,04000US49,3,28355,836,19500,534,28195,846,19340,573
Utah,Asian Alone,04000US49,4,60490,1046,47115,674,40365,1269,29710,960
Utah,Black or African American Alone,04000US49,5,29140,973,18395,466,24710,1004,15235,599
Utah,Native Hawaiian or Other Pacific Islander Alone,04000US49,6,25805,785,16215,390,21495,820,12475,543
Utah,White Alone,04000US49,7,2284565,58,1615690,57,2263570,1508,1597115,1287
Utah,American Indian or Alaska Native and White,04000US49,8,10280,850,6115,520,10230,829,6105,518
Utah,Asian and White,04000US49,9,16700,1061,6895,585,16135,1043,6425,568
Utah,Black or African American and White,04000US49,10,8880,902,2820,422,8830,905,2780,425
Utah,American Indian or Alaska Native and Black or African American,04000US49,11,655,261,300,129,645,259,290,128
Utah,Remainder of Two or More Race Responses,04000US49,12,13775,1076,6190,566,13305,1063,5760,553
Utah,Hispanic or Latino,04000US49,13,379455,,229925,66,275650,2725,136020,2459
Vermont,Total,04000US50,1,626360,,501345,119,615380,672,491550,596
Vermont,Not Hispanic or Latino,04000US50,2,616130,,494105,117,606335,628,485390,554
Vermont,American Indian or Alaska Native Alone,04000US50,3,1915,282,1500,191,1910,282,1500,192
Vermont,Asian Alone,04000US50,4,8265,328,6510,248,5035,427,3780,378
Vermont,Black or African American Alone,04000US50,5,6305,323,4460,194,5095,374,3540,249
Vermont,Native Hawaiian or Other Pacific Islander Alone,04000US50,6,180,99,170,96,180,99,170,96
Vermont,White Alone,04000US50,7,588535,20,475465,20,583405,476,470575,416
Vermont,American Indian or Alaska Native and White,04000US50,8,4795,290,3615,211,4780,292,3600,212
Vermont,Asian and White,04000US50,9,2595,332,1090,209,2460,320,985,203
Vermont,Black or African American and White,04000US50,10,2480,275,665,151,2450,273,650,150
Vermont,American Indian or Alaska Native and Black or African American,04000US50,11,110,62,70,39,110,62,70,39
Vermont,Remainder of Two or More Race Responses,04000US50,12,960,269,570,145,915,259,520,139
Vermont,Hispanic or Latino,04000US50,13,10225,,7240,24,9040,241,6155,221
Virginia,Total,04000US51,1,8185130,,6322845,693,7691080,6774,5877485,5734
Virginia,Not Hispanic or Latino,04000US51,2,7497865,341,5857105,593,7232370,4243,5621300,3725
Virginia,American Indian or Alaska Native Alone,04000US51,3,17635,958,14615,779,17510,952,14525,778
Virginia,Asian Alone,04000US51,4,476760,3057,368620,1909,340455,3757,247020,2633
Virginia,Black or African American Alone,04000US51,5,1555780,3492,1173920,1996,1511535,3960,1134970,2486
Virginia,Native Hawaiian or Other Pacific Islander Alone,04000US51,6,5010,493,3945,381,4430,477,3430,397
Virginia,White Alone,04000US51,7,5240250,4,4195900,15,5163345,2651,4127310,2205
Virginia,American Indian or Alaska Native and White,04000US51,8,25135,869,19465,777,25025,883,19365,790
Virginia,Asian and White,04000US51,9,64810,2770,32970,1709,59500,2476,28590,1532
Virginia,Black or African American and White,04000US51,10,71830,2895,23460,1370,71195,2891,22895,1376
Virginia,American Indian or Alaska Native and Black or African American,04000US51,11,10710,955,8310,887,10675,944,8290,880
Virginia,Remainder of Two or More Race Responses,04000US51,12,29945,2086,15900,1194,28695,1977,14905,1134
Virginia,Hispanic or Latino,04000US51,13,687265,341,465740,476,458715,5058,256185,4278
Washington,Total,04000US53,1,6899125,,5308930,206,6405630,7868,4866910,6729
Washington,Not Hispanic or Latino,04000US53,2,6089125,,4814790,199,5809315,5987,4565900,5063
Washington,American Indian or Alaska Native Alone,04000US53,3,82495,1689,60560,1166,82045,1675,60170,1156
Washington,Asian Alone,04000US53,4,517695,2959,412190,1854,374765,3602,282895,2774
Washington,Black or African American Alone,04000US53,5,241980,2945,180015,1521,219420,3084,161715,1745
Washington,Native Hawaiian or Other Pacific Islander Alone,04000US53,6,41215,939,28965,590,36215,974,24630,698
Washington,White Alone,04000US53,7,4930900,28,3985780,28,4826450,4172,3892985,3444
Washington,American Indian or Alaska Native and White,04000US53,8,68510,1711,49125,1176,68320,1702,48945,1171
Washington,Asian and White,04000US53,9,88255,2488,42170,1609,86110,2444,40370,1557
Washington,Black or African American and White,04000US53,10,55375,2474,21245,1151,54935,2448,20905,1102
Washington,American Indian or Alaska Native and Black or African American,04000US53,11,6635,911,4505,616,6635,911,4505,616
Washington,Remainder of Two or More Race Responses,04000US53,12,56065,2318,30240,1481,54420,2262,28775,1416
Washington,Hispanic or Latino,04000US53,13,810000,,494135,37,596315,3978,301010,3463
West Virginia,Total,04000US54,1,1853880,,1470155,456,1839310,1020,1456965,924
West Virginia,Not Hispanic or Latino,04000US54,2,1829820,300,1453880,464,1819095,950,1443940,874
West Virginia,American Indian or Alaska Native Alone,04000US54,3,2985,508,2600,477,2790,408,2405,370
West Virginia,Asian Alone,04000US54,4,13070,575,10795,465,8335,607,6385,504
West Virginia,Black or African American Alone,04000US54,5,58715,1257,46480,802,57385,1293,45190,815
West Virginia,Native Hawaiian or Other Pacific Islander Alone,04000US54,6,530,201,390,159,510,199,370,156
West Virginia,White Alone,04000US54,7,1720440,242,1375535,218,1716340,555,1371765,480
West Virginia,American Indian or Alaska Native and White,04000US54,8,14285,772,10825,602,14275,771,10815,603
West Virginia,Asian and White,04000US54,9,3155,553,1745,350,2835,541,1510,340
West Virginia,Black or African American and White,04000US54,10,13320,890,3435,403,13320,890,3435,403
West Virginia,American Indian or Alaska Native and Black or African American,04000US54,11,1015,273,775,206,1015,273,775,206
West Virginia,Remainder of Two or More Race Responses,04000US54,12,2310,496,1305,259,2285,497,1285,261
West Virginia,Hispanic or Latino,04000US54,13,24060,300,16275,264,20215,657,13030,472
Wisconsin,Total,04000US55,1,5724690,,4408030,366,5570950,3203,4269770,2752
Wisconsin,Not Hispanic or Latino,04000US55,2,5369400,,4194915,360,5298135,2109,4131105,1770
Wisconsin,American Indian or Alaska Native Alone,04000US55,3,45685,970,33180,679,45525,972,33060,680
Wisconsin,Asian Alone,04000US55,4,137505,1140,96250,668,97910,1754,60855,1321
Wisconsin,Black or African American Alone,04000US55,5,352255,1898,239200,1153,346950,1957,234865,1238
Wisconsin,Native Hawaiian or Other Pacific Islander Alone,04000US55,6,1200,271,1015,231,1115,268,930,231
Wisconsin,White Alone,04000US55,7,4737730,155,3781035,154,4712780,1165,3758145,1062
Wisconsin,American Indian or Alaska Native and White,04000US55,8,26690,988,17650,699,26680,984,17640,695
Wisconsin,Asian and White,04000US55,9,19280,1018,7905,572,18635,987,7360,529
Wisconsin,Black or African American and White,04000US55,10,34610,1643,10640,760,34470,1646,10510,752
Wisconsin,American Indian or Alaska Native and Black or African American,04000US55,11,4525,787,2815,435,4525,787,2815,435
Wisconsin,Remainder of Two or More Race Responses,04000US55,12,9915,931,5225,526,9545,914,4930,526
Wisconsin,Hispanic or Latino,04000US55,13,355290,,213115,45,272815,2414,138665,2017
Wyoming,Total,04000US56,1,575250,,438385,333,562980,1147,427300,1067
Wyoming,Not Hispanic or Latino,04000US56,2,521070,,403240,289,516160,716,398850,691
Wyoming,American Indian or Alaska Native Alone,04000US56,3,11315,501,7310,336,11315,501,7310,336
Wyoming,Asian Alone,04000US56,4,5265,480,4280,393,3570,425,2740,363
Wyoming,Black or African American Alone,04000US56,5,5770,453,4485,353,5255,481,4020,379
Wyoming,Native Hawaiian or Other Pacific Islander Alone,04000US56,6,310,188,275,187,300,188,270,186
Wyoming,White Alone,04000US56,7,488265,69,380990,66,485610,546,378635,454
Wyoming,American Indian or Alaska Native and White,04000US56,8,5395,551,3580,365,5395,551,3580,365
Wyoming,Asian and White,04000US56,9,1385,327,795,234,1365,326,780,228
Wyoming,Black or African American and White,04000US56,10,2175,435,910,262,2165,438,900,260
Wyoming,American Indian or Alaska Native and Black or African American,04000US56,11,115,76,115,76,115,76,115,76
Wyoming,Remainder of Two or More Race Responses,04000US56,12,1075,352,500,198,1070,353,500,198
Wyoming,Hispanic or Latino,04000US56,13,54180,,35145,101,46820,936,28455,854
Puerto Rico,Total,04000US72,1,3638965,,2802675,,3579930,2123,2747210,1958
Puerto Rico,Not Hispanic or Latino,04000US72,2,37045,1751,30350,1399,33710,1602,27190,1295
Puerto Rico,American Indian or Alaska Native Alone,04000US72,3,135,93,100,71,120,86,80,65
Puerto Rico,Asian Alone,04000US72,4,2430,548,2165,510,1595,397,1330,355
Puerto Rico,Black or African American Alone,04000US72,5,3160,438,2730,369,2770,428,2340,359
Puerto Rico,Native Hawaiian or Other Pacific Islander Alone,04000US72,6,55,44,55,44,55,44,55,44
Puerto Rico,White Alone,04000US72,7,27010,1397,21840,1090,25110,1287,20120,1055
Puerto Rico,American Indian or Alaska Native and White,04000US72,8,120,71,120,71,80,56,80,56
Puerto Rico,Asian and White,04000US72,9,265,125,240,114,205,110,175,97
Puerto Rico,Black or African American and White,04000US72,10,3630,461,2865,459,3560,455,2795,451
Puerto Rico,American Indian or Alaska Native and Black or African American,04000US72,11,20,24,20,24,20,24,20,24
Puerto Rico,Remainder of Two or More Race Responses,04000US72,12,220,111,220,111,195,108,195,108
Puerto Rico,Hispanic or Latino,04000US72,13,3601920,1751,2772325,1397,3546220,2631,2720015,2305
